luminance,s_frequency,radius,area,dataset,t_frequency,eccentricity,stimulus,sensitivity
190,0.0055,99999,31415298221,krajancich2021,94.41,0,gabor,1
190,0.011111111,63,12468.98124,krajancich2021,92.8,0,gabor,1
190,0.040816327,17.15,924.0130853,krajancich2021,85.99,0,gabor,1
190,0.040816327,17.15,924.0130853,krajancich2021,89.63,19.21961013,gabor,1
190,0.153846154,4.55,65.03882191,krajancich2021,86.38,0,gabor,1
190,0.153846154,4.55,65.03882191,krajancich2021,87.54,25.23085047,gabor,1
190,0.153846154,4.55,65.03882191,krajancich2021,76.9,48.22833,gabor,1
190,0.571428571,1.225,4.714352476,krajancich2021,56.92,0,gabor,1
190,0.571428571,1.225,4.714352476,krajancich2021,71.15,14.84368352,gabor,1
190,0.571428571,1.225,4.714352476,krajancich2021,71.58,29.20530948,gabor,1
190,0.571428571,1.225,4.714352476,krajancich2021,65.41,42.69061437,gabor,1
190,0.571428571,1.225,4.714352476,krajancich2021,51.91,55.04442917,gabor,1
3,0.011111111,63,12468.98124,krajancich2021,69.41,0,gabor,1
3,0.040816327,17.15,924.0130853,krajancich2021,62.33,0,gabor,1
3,0.153846154,4.55,65.03882191,krajancich2021,50.73,0,gabor,1
3,0.571428571,1.225,4.714352476,krajancich2021,39.79,0,gabor,1
3,0.571428571,1.225,4.714352476,krajancich2021,55.22,14.84368352,gabor,1
3,0.571428571,1.225,4.714352476,krajancich2021,47.51,29.20530948,gabor,1
3,0.571428571,1.225,4.714352476,krajancich2021,50.3,42.69061437,gabor,1
3,0.571428571,1.225,4.714352476,krajancich2021,23.01,55.04442917,gabor,1
23.9,0.011111111,63,12468.98124,krajancich2021,78.97,0,gabor,1
23.9,0.040816327,17.15,924.0130853,krajancich2021,68.11,0,gabor,1
23.9,0.153846154,4.55,65.03882191,krajancich2021,55.78,0,gabor,1
23.9,0.571428571,1.225,4.714352476,krajancich2021,48.43,0,gabor,1
23.9,0.571428571,1.225,4.714352476,krajancich2021,61.94,14.84368352,gabor,1
23.9,0.571428571,1.225,4.714352476,krajancich2021,59.59,29.20530948,gabor,1
23.9,0.571428571,1.225,4.714352476,krajancich2021,53.23,42.69061437,gabor,1
23.9,0.571428571,1.225,4.714352476,krajancich2021,39.64,55.04442917,gabor,1
190,0.011111111,63,12468.98124,krajancich2021,92.23,0,gabor,1
190,0.040816327,17.15,924.0130853,krajancich2021,85.7,0,gabor,1
190,0.153846154,4.55,65.03882191,krajancich2021,69.36,0,gabor,1
190,0.571428571,1.225,4.714352476,krajancich2021,57.89,0,gabor,1
190,0.571428571,1.225,4.714352476,krajancich2021,70.11,14.84368352,gabor,1
190,0.571428571,1.225,4.714352476,krajancich2021,69.6,29.20530948,gabor,1
190,0.571428571,1.225,4.714352476,krajancich2021,64.8,42.69061437,gabor,1
190,0.571428571,1.225,4.714352476,krajancich2021,54.89,55.04442917,gabor,1
0.34447688,0.01,30,2827.433388,kelly1961,1.6,0,smoothed-edge disk,15.2
0.34447688,0.01,30,2827.433388,kelly1961,2.7,0,smoothed-edge disk,17.3
0.34447688,0.01,30,2827.433388,kelly1961,4,0,smoothed-edge disk,22.7
0.34447688,0.01,30,2827.433388,kelly1961,5.1,0,smoothed-edge disk,22.2
0.34447688,0.01,30,2827.433388,kelly1961,6.8,0,smoothed-edge disk,22
0.34447688,0.01,30,2827.433388,kelly1961,8.8,0,smoothed-edge disk,16.5
0.34447688,0.01,30,2827.433388,kelly1961,10.7,0,smoothed-edge disk,11.2
0.34447688,0.01,30,2827.433388,kelly1961,12.7,0,smoothed-edge disk,7.1
0.34447688,0.01,30,2827.433388,kelly1961,16.2,0,smoothed-edge disk,2.92
0.34447688,0.01,30,2827.433388,kelly1961,19.8,0,smoothed-edge disk,1.24
3.762747458,0.01,30,2827.433388,kelly1961,1.6,0,smoothed-edge disk,17.3
3.762747458,0.01,30,2827.433388,kelly1961,2.7,0,smoothed-edge disk,19.8
3.762747458,0.01,30,2827.433388,kelly1961,4,0,smoothed-edge disk,35.7
3.762747458,0.01,30,2827.433388,kelly1961,5.1,0,smoothed-edge disk,40
3.762747458,0.01,30,2827.433388,kelly1961,6.8,0,smoothed-edge disk,55.5
3.762747458,0.01,30,2827.433388,kelly1961,8.8,0,smoothed-edge disk,50.5
3.762747458,0.01,30,2827.433388,kelly1961,10.7,0,smoothed-edge disk,52.3
3.762747458,0.01,30,2827.433388,kelly1961,12.7,0,smoothed-edge disk,41.1
3.762747458,0.01,30,2827.433388,kelly1961,16.2,0,smoothed-edge disk,24.7
3.762747458,0.01,30,2827.433388,kelly1961,19.8,0,smoothed-edge disk,14.9
3.762747458,0.01,30,2827.433388,kelly1961,24,0,smoothed-edge disk,6.19
3.762747458,0.01,30,2827.433388,kelly1961,28,0,smoothed-edge disk,3.08
3.762747458,0.01,30,2827.433388,kelly1961,32,0,smoothed-edge disk,2.09
40.80726116,0.01,30,2827.433388,kelly1961,1.6,0,smoothed-edge disk,17.8
40.80726116,0.01,30,2827.433388,kelly1961,2.7,0,smoothed-edge disk,17.9
40.80726116,0.01,30,2827.433388,kelly1961,4,0,smoothed-edge disk,32.9
40.80726116,0.01,30,2827.433388,kelly1961,5.1,0,smoothed-edge disk,45.3
40.80726116,0.01,30,2827.433388,kelly1961,6.8,0,smoothed-edge disk,50.3
40.80726116,0.01,30,2827.433388,kelly1961,8.8,0,smoothed-edge disk,72.5
40.80726116,0.01,30,2827.433388,kelly1961,10.7,0,smoothed-edge disk,96.7
40.80726116,0.01,30,2827.433388,kelly1961,12.7,0,smoothed-edge disk,101.5
40.80726116,0.01,30,2827.433388,kelly1961,16.2,0,smoothed-edge disk,91.3
40.80726116,0.01,30,2827.433388,kelly1961,19.8,0,smoothed-edge disk,78.8
40.80726116,0.01,30,2827.433388,kelly1961,24,0,smoothed-edge disk,59.8
40.80726116,0.01,30,2827.433388,kelly1961,28,0,smoothed-edge disk,29.9
40.80726116,0.01,30,2827.433388,kelly1961,32,0,smoothed-edge disk,23
40.80726116,0.01,30,2827.433388,kelly1961,40,0,smoothed-edge disk,5.89
40.80726116,0.01,30,2827.433388,kelly1961,54,0,smoothed-edge disk,1.23
450.4697661,0.01,30,2827.433388,kelly1961,1.6,0,smoothed-edge disk,15.4
450.4697661,0.01,30,2827.433388,kelly1961,2.7,0,smoothed-edge disk,18.4
450.4697661,0.01,30,2827.433388,kelly1961,4,0,smoothed-edge disk,33.2
450.4697661,0.01,30,2827.433388,kelly1961,5.1,0,smoothed-edge disk,54.1
450.4697661,0.01,30,2827.433388,kelly1961,6.8,0,smoothed-edge disk,81.6
450.4697661,0.01,30,2827.433388,kelly1961,8.8,0,smoothed-edge disk,114.5
450.4697661,0.01,30,2827.433388,kelly1961,10.7,0,smoothed-edge disk,120.8
450.4697661,0.01,30,2827.433388,kelly1961,12.7,0,smoothed-edge disk,132.2
450.4697661,0.01,30,2827.433388,kelly1961,16.2,0,smoothed-edge disk,132.5
450.4697661,0.01,30,2827.433388,kelly1961,19.8,0,smoothed-edge disk,119.3
450.4697661,0.01,30,2827.433388,kelly1961,24,0,smoothed-edge disk,105.8
450.4697661,0.01,30,2827.433388,kelly1961,28,0,smoothed-edge disk,82.2
450.4697661,0.01,30,2827.433388,kelly1961,32,0,smoothed-edge disk,73.3
450.4697661,0.01,30,2827.433388,kelly1961,40,0,smoothed-edge disk,38.1
450.4697661,0.01,30,2827.433388,kelly1961,54,0,smoothed-edge disk,8.7
450.4697661,0.01,30,2827.433388,kelly1961,64,0,smoothed-edge disk,3.2
4928.669205,0.01,30,2827.433388,kelly1961,1.6,0,smoothed-edge disk,13.3
4928.669205,0.01,30,2827.433388,kelly1961,2.7,0,smoothed-edge disk,19.3
4928.669205,0.01,30,2827.433388,kelly1961,4,0,smoothed-edge disk,26.7
4928.669205,0.01,30,2827.433388,kelly1961,5.1,0,smoothed-edge disk,33.8
4928.669205,0.01,30,2827.433388,kelly1961,6.8,0,smoothed-edge disk,54.9
4928.669205,0.01,30,2827.433388,kelly1961,8.8,0,smoothed-edge disk,81.3
4928.669205,0.01,30,2827.433388,kelly1961,10.7,0,smoothed-edge disk,86.8
4928.669205,0.01,30,2827.433388,kelly1961,12.7,0,smoothed-edge disk,104
4928.669205,0.01,30,2827.433388,kelly1961,16.2,0,smoothed-edge disk,122.5
4928.669205,0.01,30,2827.433388,kelly1961,19.8,0,smoothed-edge disk,114
4928.669205,0.01,30,2827.433388,kelly1961,24,0,smoothed-edge disk,117
4928.669205,0.01,30,2827.433388,kelly1961,28,0,smoothed-edge disk,97.3
4928.669205,0.01,30,2827.433388,kelly1961,32,0,smoothed-edge disk,88.5
4928.669205,0.01,30,2827.433388,kelly1961,40,0,smoothed-edge disk,48
4928.669205,0.01,30,2827.433388,kelly1961,54,0,smoothed-edge disk,19.5
4928.669205,0.01,30,2827.433388,kelly1961,64,0,smoothed-edge disk,9.75
4928.669205,0.01,30,2827.433388,kelly1961,75,0,smoothed-edge disk,2.74
0.11,0.1,1.5988,8.030418001,snowden1995,0.757858283,0,gabor,12.3396928
0.11,0.1,1.5988,8.030418001,snowden1995,1.515716567,0,gabor,17.34324802
0.11,0.1,1.5988,8.030418001,snowden1995,3.249009585,0,gabor,27.48719572
0.11,0.1,1.5988,8.030418001,snowden1995,6.498019171,0,gabor,24.37566776
0.11,0.1,1.5988,8.030418001,snowden1995,9.18958684,0,gabor,12.58925412
0.11,0.1,1.5988,8.030418001,snowden1995,12.12573253,0,gabor,3.863282989
0.11,0.1,1.5988,8.030418001,snowden1995,18.37917368,0,gabor,1.507512318
0.11,0.25,1.5988,8.030418001,snowden1995,7.464263932,0,gabor,15.76429011
0.11,0.25,1.5988,8.030418001,snowden1995,10.55606329,0,gabor,5.623413252
0.11,0.25,1.5988,8.030418001,snowden1995,13.92880901,0,gabor,2.232735149
0.11,0.25,1.5988,8.030418001,snowden1995,14.92852786,0,gabor,1.30701048
0.11,1,1.5988,8.030418001,snowden1995,0.757858283,0,gabor,64.17402917
0.11,1,1.5988,8.030418001,snowden1995,1.515716567,0,gabor,48.54529965
0.11,1,1.5988,8.030418001,snowden1995,3.031433133,0,gabor,70.90050861
0.11,1,1.5988,8.030418001,snowden1995,6.062866266,0,gabor,30.69113765
0.11,1,1.5988,8.030418001,snowden1995,9.18958684,0,gabor,11.3269388
0.11,1,1.5988,8.030418001,snowden1995,12.12573253,0,gabor,3.859935846
2.89,0.1,1.5988,8.030418001,snowden1995,0.757858283,0,gabor,19.95262315
2.89,0.1,1.5988,8.030418001,snowden1995,1.515716567,0,gabor,31.6227766
2.89,0.1,1.5988,8.030418001,snowden1995,3.249009585,0,gabor,57.6593265
2.89,0.1,1.5988,8.030418001,snowden1995,6.498019171,0,gabor,82.67825547
2.89,0.1,1.5988,8.030418001,snowden1995,9.18958684,0,gabor,103.048928
2.89,0.1,1.5988,8.030418001,snowden1995,12.12573253,0,gabor,57.6593265
2.89,0.1,1.5988,8.030418001,snowden1995,18.37917368,0,gabor,31.6227766
2.89,0.1,1.5988,8.030418001,snowden1995,24.25146506,0,gabor,11.1641609
2.89,0.1,1.5988,8.030418001,snowden1995,27.85761803,0,gabor,6.373057342
2.89,0.1,1.5988,8.030418001,snowden1995,29.85705573,0,gabor,3.94141508
2.89,0.1,1.5988,8.030418001,snowden1995,34.2967508,0,gabor,1.699944656
2.89,0.25,1.5988,8.030418001,snowden1995,7.464263932,0,gabor,89.11204341
2.89,0.25,1.5988,8.030418001,snowden1995,14.92852786,0,gabor,28.04688231
2.89,0.25,1.5988,8.030418001,snowden1995,22.627417,0,gabor,9.858481739
2.89,0.25,1.5988,8.030418001,snowden1995,29.85705573,0,gabor,3.978967193
2.89,0.25,1.5988,8.030418001,snowden1995,39.39662123,0,gabor,1.240880717
2.89,1,1.5988,8.030418001,snowden1995,0.757858283,0,gabor,156.9105606
2.89,1,1.5988,8.030418001,snowden1995,1.515716567,0,gabor,207.6783881
2.89,1,1.5988,8.030418001,snowden1995,3.031433133,0,gabor,207.6783881
2.89,1,1.5988,8.030418001,snowden1995,6.062866266,0,gabor,184.1693653
2.89,1,1.5988,8.030418001,snowden1995,9.18958684,0,gabor,125.8925412
2.89,1,1.5988,8.030418001,snowden1995,12.12573253,0,gabor,111.641609
2.89,1,1.5988,8.030418001,snowden1995,18.37917368,0,gabor,31.6227766
2.89,1,1.5988,8.030418001,snowden1995,24.25146506,0,gabor,9.70412812
2.89,1,1.5988,8.030418001,snowden1995,36.75834736,0,gabor,3.09959069
3.85,0.1,1.5988,8.030418001,snowden1995,0.757858283,0,gabor,29.18887733
3.85,0.1,1.5988,8.030418001,snowden1995,1.515716567,0,gabor,50.11872336
3.85,0.1,1.5988,8.030418001,snowden1995,3.249009585,0,gabor,91.38387405
3.85,0.1,1.5988,8.030418001,snowden1995,6.498019171,0,gabor,141.9625896
3.85,0.1,1.5988,8.030418001,snowden1995,9.18958684,0,gabor,101.006152
3.85,0.1,1.5988,8.030418001,snowden1995,12.99603834,0,gabor,81.03929462
3.85,0.1,1.5988,8.030418001,snowden1995,18.37917368,0,gabor,27.48719572
3.85,0.1,1.5988,8.030418001,snowden1995,24.25146506,0,gabor,9.900387061
3.85,0.1,1.5988,8.030418001,snowden1995,27.85761803,0,gabor,7.186571307
3.85,0.1,1.5988,8.030418001,snowden1995,29.85705573,0,gabor,3.16227766
3.85,0.1,1.5988,8.030418001,snowden1995,34.2967508,0,gabor,1.23396928
3.85,0.25,1.5988,8.030418001,snowden1995,7.464263932,0,gabor,127.2681596
3.85,0.25,1.5988,8.030418001,snowden1995,14.92852786,0,gabor,45.32545609
3.85,0.25,1.5988,8.030418001,snowden1995,22.627417,0,gabor,12.81355438
3.85,0.25,1.5988,8.030418001,snowden1995,29.85705573,0,gabor,2.798354011
3.85,0.25,1.5988,8.030418001,snowden1995,34.2967508,0,gabor,1.238569422
3.85,1,1.5988,8.030418001,snowden1995,0.757858283,0,gabor,203.9500469
3.85,1,1.5988,8.030418001,snowden1995,1.515716567,0,gabor,208.0567538
3.85,1,1.5988,8.030418001,snowden1995,3.031433133,0,gabor,180.9571541
3.85,1,1.5988,8.030418001,snowden1995,6.062866266,0,gabor,248.9452798
3.85,1,1.5988,8.030418001,snowden1995,9.18958684,0,gabor,142.4556418
3.85,1,1.5988,8.030418001,snowden1995,12.12573253,0,gabor,88.28510663
3.85,1,1.5988,8.030418001,snowden1995,18.37917368,0,gabor,28.33876712
3.85,1,1.5988,8.030418001,snowden1995,24.25146506,0,gabor,5.637444133
3.85,1,1.5988,8.030418001,snowden1995,36.75834736,0,gabor,1.424556418
170,0.1,1.5988,8.030418001,snowden1995,0.757858283,0,gabor,6.246721929
170,0.1,1.5988,8.030418001,snowden1995,1.624504793,0,gabor,12.84386264
170,0.1,1.5988,8.030418001,snowden1995,3.249009585,0,gabor,50.11872336
170,0.1,1.5988,8.030418001,snowden1995,6.498019171,0,gabor,63.73057342
170,0.1,1.5988,8.030418001,snowden1995,9.18958684,0,gabor,103.048928
170,0.1,1.5988,8.030418001,snowden1995,12.12573253,0,gabor,81.03929462
170,0.1,1.5988,8.030418001,snowden1995,18.37917368,0,gabor,81.03929462
170,0.1,1.5988,8.030418001,snowden1995,24.25146506,0,gabor,56.51632489
170,0.1,1.5988,8.030418001,snowden1995,36.75834736,0,gabor,24.86864793
170,0.1,1.5988,8.030418001,snowden1995,45.254834,0,gabor,6.246721929
170,0.1,1.5988,8.030418001,snowden1995,55.71523605,0,gabor,2.205353742
170,0.25,1.5988,8.030418001,snowden1995,12.12573253,0,gabor,127.2678219
170,0.25,1.5988,8.030418001,snowden1995,24.25146506,0,gabor,70.17803408
170,0.25,1.5988,8.030418001,snowden1995,36.75834736,0,gabor,18.1389489
170,0.25,1.5988,8.030418001,snowden1995,45.254834,0,gabor,6.244522099
170,0.25,1.5988,8.030418001,snowden1995,55.71523605,0,gabor,2.46726249
170,1,1.5988,8.030418001,snowden1995,0.757858283,0,gabor,207.6783881
170,1,1.5988,8.030418001,snowden1995,1.515716567,0,gabor,160.0839626
170,1,1.5988,8.030418001,snowden1995,3.031433133,0,gabor,207.6783881
170,1,1.5988,8.030418001,snowden1995,6.498019171,0,gabor,371.1634624
170,1,1.5988,8.030418001,snowden1995,9.18958684,0,gabor,322.6232428
170,1,1.5988,8.030418001,snowden1995,12.12573253,0,gabor,224.9955419
170,1,1.5988,8.030418001,snowden1995,18.37917368,0,gabor,160.0839626
170,1,1.5988,8.030418001,snowden1995,24.25146506,0,gabor,91.38387405
170,1,1.5988,8.030418001,snowden1995,36.75834736,0,gabor,40.21127337
170,1,1.5988,8.030418001,snowden1995,45.254834,0,gabor,5.539598141
170,1,1.5988,8.030418001,snowden1995,55.71523605,0,gabor,3.42596253
236,0.1,1.5988,8.030418001,snowden1995,0.757858283,0,gabor,12.3396928
236,0.1,1.5988,8.030418001,snowden1995,1.515716567,0,gabor,19.55709511
236,0.1,1.5988,8.030418001,snowden1995,3.249009585,0,gabor,35.65939027
236,0.1,1.5988,8.030418001,snowden1995,6.498019171,0,gabor,63.73057342
236,0.1,1.5988,8.030418001,snowden1995,9.18958684,0,gabor,71.86571307
236,0.1,1.5988,8.030418001,snowden1995,18.37917368,0,gabor,71.86571307
236,0.1,1.5988,8.030418001,snowden1995,25.99207668,0,gabor,40.21127337
236,0.1,1.5988,8.030418001,snowden1995,36.75834736,0,gabor,16.00839626
236,0.1,1.5988,8.030418001,snowden1995,45.254834,0,gabor,3.786699738
236,0.1,1.5988,8.030418001,snowden1995,55.71523605,0,gabor,1.363900249
236,0.25,1.5988,8.030418001,snowden1995,18.37917368,0,gabor,71.34740009
236,0.25,1.5988,8.030418001,snowden1995,24.25146506,0,gabor,56.43733872
236,0.25,1.5988,8.030418001,snowden1995,36.75834736,0,gabor,16.418016
236,0.25,1.5988,8.030418001,snowden1995,45.254834,0,gabor,4.589153296
236,0.25,1.5988,8.030418001,snowden1995,55.71523605,0,gabor,1.282757184
236,1,1.5988,8.030418001,snowden1995,0.757858283,0,gabor,70.90050861
236,1,1.5988,8.030418001,snowden1995,1.515716567,0,gabor,99.50284489
236,1,1.5988,8.030418001,snowden1995,3.031433133,0,gabor,126.3954969
236,1,1.5988,8.030418001,snowden1995,6.062866266,0,gabor,177.3853499
236,1,1.5988,8.030418001,snowden1995,9.18958684,0,gabor,220.8797205
236,1,1.5988,8.030418001,snowden1995,12.12573253,0,gabor,142.4556418
236,1,1.5988,8.030418001,snowden1995,18.37917368,0,gabor,97.53881818
236,1,1.5988,8.030418001,snowden1995,24.25146506,0,gabor,43.93970561
236,1,1.5988,8.030418001,snowden1995,34.2967508,0,gabor,10.88420058
236,1,1.5988,8.030418001,snowden1995,45.254834,0,gabor,2.440314989
236,1,1.5988,8.030418001,snowden1995,55.71523605,0,gabor,1.542807311
0.7,0,0.5,0.785398163,hartmann1979,7.774030354,50.01413801,disk,1
0.7,0,0.5,0.785398163,hartmann1979,9.291736931,44.86517792,disk,1
0.7,0,0.5,0.785398163,hartmann1979,11.11298482,39.91874904,disk,1
0.7,0,0.5,0.785398163,hartmann1979,13.54131535,34.97334219,disk,1
0.7,0,0.5,0.785398163,hartmann1979,16.17200675,29.92726591,disk,1
0.7,0,0.5,0.785398163,hartmann1979,17.38617201,20.33335037,disk,1
0.7,0,0.5,0.785398163,hartmann1979,17.99325464,25.18285724,disk,1
0.7,0,0.5,0.785398163,hartmann1979,23.05227656,15.09036401,disk,1
0.7,0,0.5,0.785398163,hartmann1979,25.07588533,0.548316214,disk,1
0.7,0,0.5,0.785398163,hartmann1979,26.59359191,10.24784097,disk,1
0.7,0,0.5,0.785398163,hartmann1979,30.94435076,5.305670533,disk,1
7,0,0.5,0.785398163,hartmann1979,16.47554806,45.07929208,disk,1
7,0,0.5,0.785398163,hartmann1979,17.79089376,40.13201151,disk,1
7,0,0.5,0.785398163,hartmann1979,27.90893761,35.09854021,disk,1
7,0,0.5,0.785398163,hartmann1979,36.10455312,30.36486279,disk,1
7,0,0.5,0.785398163,hartmann1979,38.22934233,0.570460081,disk,1
7,0,0.5,0.785398163,hartmann1979,40.05059022,20.37150595,disk,1
7,0,0.5,0.785398163,hartmann1979,40.96121417,25.22152384,disk,1
7,0,0.5,0.785398163,hartmann1979,42.17537943,10.27407294,disk,1
7,0,0.5,0.785398163,hartmann1979,42.58010118,5.628289642,disk,1
7,0,0.5,0.785398163,hartmann1979,43.08600337,15.42712113,disk,1
10,0,0.25,0.196349541,hartmann1979,11.05882353,40.26166724,disk,1
10,0,0.5,0.785398163,hartmann1979,15.88235294,55.27003784,disk,1
10,0,0.5,0.785398163,hartmann1979,21.88235294,50.2875817,disk,1
10,0,0.25,0.196349541,hartmann1979,23.05882353,35.32599473,disk,1
10,0,1.5,7.068583471,hartmann1979,24.47058824,60.3662424,disk,1
10,0,0.25,0.196349541,hartmann1979,26.35294118,30.20548102,disk,1
10,0,0.25,0.196349541,hartmann1979,32.94117647,0.081412682,disk,1
10,0,0.25,0.196349541,hartmann1979,33.88235294,25.35190918,disk,1
10,0,0.25,0.196349541,hartmann1979,36.35294118,15.07877537,disk,1
10,0,0.5,0.785398163,hartmann1979,36.35294118,45.25421397,disk,1
10,0,0.25,0.196349541,hartmann1979,38.11764706,20.23873409,disk,1
10,0,0.5,0.785398163,hartmann1979,38.11764706,40.23873409,disk,1
10,0,0.5,0.785398163,hartmann1979,38.82352941,0.127278982,disk,1
10,0,0.25,0.196349541,hartmann1979,39.64705882,5.279899094,disk,1
10,0,0.25,0.196349541,hartmann1979,39.76470588,10.07613806,disk,1
10,0,1,3.141592654,hartmann1979,40.82352941,55.11363376,disk,1
10,0,0.5,0.785398163,hartmann1979,41.64705882,10.09081527,disk,1
10,0,0.5,0.785398163,hartmann1979,42.23529412,14.89072354,disk,1
10,0,0.5,0.785398163,hartmann1979,42.23529412,30.0954019,disk,1
10,0,1,3.141592654,hartmann1979,43.05882353,0,disk,1
10,0,0.5,0.785398163,hartmann1979,44.11764706,25.19779842,disk,1
10,0,0.5,0.785398163,hartmann1979,45.05882353,4.854259833,disk,1
10,0,1,3.141592654,hartmann1979,45.64705882,50.23896342,disk,1
10,0,0.5,0.785398163,hartmann1979,46.23529412,35.27278982,disk,1
10,0,1,3.141592654,hartmann1979,46.35294118,10.12750831,disk,1
10,0,1.5,7.068583471,hartmann1979,46.58823529,0.070863433,disk,1
10,0,1,3.141592654,hartmann1979,46.70588235,4.867102397,disk,1
10,0,1,3.141592654,hartmann1979,48.35294118,14.93842449,disk,1
10,0,0.5,0.785398163,hartmann1979,48.58823529,20.20341704,disk,1
10,0,1,3.141592654,hartmann1979,48.70588235,45.23357413,disk,1
10,0,1.5,7.068583471,hartmann1979,49.76470588,5.007911937,disk,1
10,0,1.5,7.068583471,hartmann1979,50.35294118,55.18793716,disk,1
10,0,1.5,7.068583471,hartmann1979,51.05882353,9.930283224,disk,1
10,0,1,3.141592654,hartmann1979,51.29411765,40.22451554,disk,1
10,0,1.5,7.068583471,hartmann1979,53.64705882,14.97970416,disk,1
10,0,1.5,7.068583471,hartmann1979,53.88235294,49.83533998,disk,1
10,0,1,3.141592654,hartmann1979,54.35294118,30.18988648,disk,1
10,0,1,3.141592654,hartmann1979,55.17647059,20.02086917,disk,1
10,0,1,3.141592654,hartmann1979,55.52941176,35.22829951,disk,1
10,0,1,3.141592654,hartmann1979,55.76470588,25.28861369,disk,1
10,0,1.5,7.068583471,hartmann1979,56.35294118,45.17624126,disk,1
10,0,1.5,7.068583471,hartmann1979,57.52941176,20.03921569,disk,1
10,0,1.5,7.068583471,hartmann1979,58.35294118,39.81171884,disk,1
10,0,1.5,7.068583471,hartmann1979,60.35294118,35.26590987,disk,1
10,0,1.5,7.068583471,hartmann1979,60.47058824,29.88671024,disk,1
10,0,1.5,7.068583471,hartmann1979,61.17647059,24.97993349,disk,1
30,0,0.5,0.785398163,hartmann1979,12.26236748,45.09975336,disk,1
30,0,0.5,0.785398163,hartmann1979,12.60404695,40.22404153,disk,1
30,0,0.5,0.785398163,hartmann1979,13.59576968,40.22197544,disk,1
30,0,0.5,0.785398163,hartmann1979,13.75150114,45.346651,disk,1
30,0,0.5,0.785398163,hartmann1979,14.15361372,50.22081326,disk,1
30,0,0.5,0.785398163,hartmann1979,15.08490335,40.46887308,disk,1
30,0,0.5,0.785398163,hartmann1979,17.28373859,35.21429217,disk,1
30,0,0.5,0.785398163,hartmann1979,19.39114939,35.20990173,disk,1
30,0,0.5,0.785398163,hartmann1979,20.47507134,30.08264356,disk,1
30,0,0.5,0.785398163,hartmann1979,21.71472476,50.08006095,disk,1
30,0,0.5,0.785398163,hartmann1979,23.42002299,25.20150824,disk,1
30,0,0.5,0.785398163,hartmann1979,24.13204891,20.07502486,disk,1
30,0,0.5,0.785398163,hartmann1979,24.28623081,44.94970365,disk,1
30,0,0.5,0.785398163,hartmann1979,24.31799693,30.07463747,disk,1
30,0,0.5,0.785398163,hartmann1979,25.46390155,34.94725016,disk,1
30,0,0.5,0.785398163,hartmann1979,28.5018272,45.06592115,disk,1
30,0,0.5,0.785398163,hartmann1979,28.93570589,15.06501724,disk,1
30,0,0.5,0.785398163,hartmann1979,28.96747201,40.18995106,disk,1
30,0,0.5,0.785398163,hartmann1979,29.58652393,0.063661368,disk,1
30,0,0.5,0.785398163,hartmann1979,30.95246704,40.43581565,disk,1
30,0,0.5,0.785398163,hartmann1979,31.13454113,9.810436332,disk,1
30,0,0.5,0.785398163,hartmann1979,31.35380483,25.18497953,disk,1
30,0,0.5,0.785398163,hartmann1979,33.30548418,0.055913534,disk,1
30,0,0.5,0.785398163,hartmann1979,33.33570073,4.930850583,disk,1
30,0,0.5,0.785398163,hartmann1979,34.9178084,20.17755453,disk,1
30,0,0.5,0.785398163,hartmann1979,36.2186697,30.0498444,disk,1
30,0,0.5,0.785398163,hartmann1979,37.30414122,25.172583,disk,1
30,0,0.5,0.785398163,hartmann1979,37.58228845,10.04700353,disk,1
30,0,0.5,0.785398163,hartmann1979,37.7713356,20.54660968,disk,1
30,0,0.5,0.785398163,hartmann1979,38.72896786,15.04461461,disk,1
30,0,0.5,0.785398163,hartmann1979,39.03810643,4.918970571,disk,1
30,0,0.5,0.785398163,hartmann1979,39.25737013,0.293513772,disk,1
30,0,0.5,0.785398163,hartmann1979,43.16227838,10.28537855,disk,1
30,0,0.5,0.785398163,hartmann1979,43.19249493,15.1603156,disk,1
30,0,0.5,0.785398163,hartmann1979,43.68758151,35.03428416,disk,1
30,0,0.5,0.785398163,hartmann1979,44.08969409,19.90844643,disk,1
30,0,0.5,0.785398163,hartmann1979,44.215209,0.158184941,disk,1
30,0,0.5,0.785398163,hartmann1979,44.61654679,4.90734882,disk,1
30,0,0.5,0.785398163,hartmann1979,47.40731654,35.15153472,disk,1
30,0,0.5,0.785398163,hartmann1979,47.84119523,25.1506308,disk,1
30,0,0.5,0.785398163,hartmann1979,48.49123849,30.02427655,disk,1
30,0,0.5,0.785398163,hartmann1979,48.8313684,4.898567942,disk,1
30,0,0.5,0.785398163,hartmann1979,48.98632507,9.898245116,disk,1
30,0,0.5,0.785398163,hartmann1979,49.38921243,14.89740577,disk,1
30,0,0.5,0.785398163,hartmann1979,50.56688318,24.89495229,disk,1
30,0,0.5,0.785398163,hartmann1979,50.62886585,34.89482316,disk,1
30,0,0.5,0.785398163,hartmann1979,51.06274454,4.893919242,disk,1
30,0,0.5,0.785398163,hartmann1979,51.21770122,9.893596415,disk,1
30,0,0.5,0.785398163,hartmann1979,54.40980876,24.88694619,disk,1
30,0,0.5,0.785398163,hartmann1979,54.93743624,30.01084697,disk,1
30,0,0.5,0.785398163,hartmann1979,55.21790783,15.26026265,disk,1
30,0,0.5,0.785398163,hartmann1979,55.49760463,20.38467995,disk,1
30,0,0.5,0.785398163,hartmann1979,55.68200307,30.13429579,disk,1
30,0,0.5,0.785398163,hartmann1979,56.26773931,4.633075503,disk,1
30,0,0.5,0.785398163,hartmann1979,57.1076045,20.13132578,disk,1
30,0,0.5,0.785398163,hartmann1979,57.91182965,9.879650314,disk,1
30,0,0.5,0.785398163,hartmann1979,59.30643974,14.87674488,disk,1
70,0,0.5,0.785398163,hartmann1979,16.67790894,55.28165295,disk,1
70,0,0.5,0.785398163,hartmann1979,18.90387858,50.13388523,disk,1
70,0,0.5,0.785398163,hartmann1979,33.57504216,45.1080791,disk,1
70,0,0.5,0.785398163,hartmann1979,38.33052277,40.46962032,disk,1
70,0,0.5,0.785398163,hartmann1979,45.21079258,0.380193163,disk,1
70,0,0.5,0.785398163,hartmann1979,49.15682968,35.13431107,disk,1
70,0,0.5,0.785398163,hartmann1979,52.59696459,20.8976783,disk,1
70,0,0.5,0.785398163,hartmann1979,52.69814503,25.54431328,disk,1
70,0,0.5,0.785398163,hartmann1979,53.81112985,10.29366174,disk,1
70,0,0.5,0.785398163,hartmann1979,55.5311973,5.448072632,disk,1
70,0,0.5,0.785398163,hartmann1979,57.25126476,30.09743301,disk,1
70,0,0.5,0.785398163,hartmann1979,60.59021922,15.3555794,disk,1
0.16327664,0,1,3.141592654,deLange1958b,23.96934153,0,disk,1
0.606101451,0,1,3.141592654,deLange1958b,31.55050849,0,disk,1
1.622497573,0,1,3.141592654,deLange1958b,35.18519806,0,disk,1
11.14580173,0,1,3.141592654,deLange1958b,43.03595015,0,disk,1
38.87840854,0,1,3.141592654,deLange1958b,48.65385078,0,disk,1
162.5900842,0,1,3.141592654,deLange1958b,61.24563274,0,disk,1
1617.834364,0,1,3.141592654,deLange1958b,64.22734948,0,disk,1
0.16,0,1,3.141592654,deLange1958,1.509520265,0,disk,35.43181617
0.16,0,1,3.141592654,deLange1958,2.013845789,0,disk,36.87435539
0.16,0,1,3.141592654,deLange1958,2.986762107,0,disk,34.59352366
0.16,0,1,3.141592654,deLange1958,4.008138669,0,disk,30.20433817
0.16,0,1,3.141592654,deLange1958,5.012180917,0,disk,29.25529663
0.16,0,1,3.141592654,deLange1958,7.610628596,0,disk,17.6943096
0.16,0,1,3.141592654,deLange1958,9.975697373,0,disk,10.53247238
0.16,0,1,3.141592654,deLange1958,16.06517559,0,disk,5.301963602
0.16,0,1,3.141592654,deLange1958,18.07100554,0,disk,2.330331351
0.16,0,1,3.141592654,deLange1958,24.25070812,0,disk,1.127179465
0.6,0,1,3.141592654,deLange1958,1.509520265,0,disk,49.93904213
0.6,0,1,3.141592654,deLange1958,2.025727638,0,disk,49.54205339
0.6,0,1,3.141592654,deLange1958,2.986762107,0,disk,55.84278521
0.6,0,1,3.141592654,deLange1958,4.008138669,0,disk,50.33921189
0.6,0,1,3.141592654,deLange1958,4.98278211,0,disk,49.93904213
0.6,0,1,3.141592654,deLange1958,6.050366548,0,disk,49.93904213
0.6,0,1,3.141592654,deLange1958,8.071773182,0,disk,39.93801557
0.6,0,1,3.141592654,deLange1958,11.02492342,0,disk,21.60174002
0.6,0,1,3.141592654,deLange1958,15.59952111,0,disk,10.61687084
0.6,0,1,3.141592654,deLange1958,19.27904789,0,disk,5.301963602
0.6,0,1,3.141592654,deLange1958,24.68248893,0,disk,2.31180646
0.6,0,1,3.141592654,deLange1958,31.78682579,0,disk,1.118218989
1.59,0,1,3.141592654,deLange1958,1.509520265,0,disk,56.74132591
1.59,0,1,3.141592654,deLange1958,2.025727638,0,disk,66.56157196
1.59,0,1,3.141592654,deLange1958,2.986762107,0,disk,96.85792971
1.59,0,1,3.141592654,deLange1958,3.961257315,0,disk,92.32896241
1.59,0,1,3.141592654,deLange1958,5.012180917,0,disk,95.32411304
1.59,0,1,3.141592654,deLange1958,6.050366548,0,disk,100
1.59,0,1,3.141592654,deLange1958,6.967835625,0,disk,85.246373
1.59,0,1,3.141592654,deLange1958,8.411100932,0,disk,72.66944109
1.59,0,1,3.141592654,deLange1958,9.9171852,0,disk,45.01731091
1.59,0,1,3.141592654,deLange1958,12.771639,0,disk,21.60174002
1.59,0,1,3.141592654,deLange1958,19.27904789,0,disk,10.70194557
1.59,0,1,3.141592654,deLange1958,23.27236554,0,disk,5.301963602
1.59,0,1,3.141592654,deLange1958,31.04758275,0,disk,2.31180646
1.59,0,1,3.141592654,deLange1958,35.96655537,0,disk,1.118218989
5.97,0,1,3.141592654,deLange1958,1.509520265,0,disk,59.05144142
5.97,0,1,3.141592654,deLange1958,2.025727638,0,disk,66.56157196
5.97,0,1,3.141592654,deLange1958,2.986762107,0,disk,72.0917578
5.97,0,1,3.141592654,deLange1958,3.984629045,0,disk,90.14452217
5.97,0,1,3.141592654,deLange1958,5.041753178,0,disk,121.112483
5.97,0,1,3.141592654,deLange1958,6.050366548,0,disk,126.0433481
5.97,0,1,3.141592654,deLange1958,6.967835625,0,disk,123.0612485
5.97,0,1,3.141592654,deLange1958,8.071773182,0,disk,113.6211739
5.97,0,1,3.141592654,deLange1958,8.920747883,0,disk,116.3745155
5.97,0,1,3.141592654,deLange1958,9.9171852,0,disk,101.6090542
5.97,0,1,3.141592654,deLange1958,11.9713567,0,disk,70.38611618
5.97,0,1,3.141592654,deLange1958,14.19821644,0,disk,50.33921189
5.97,0,1,3.141592654,deLange1958,20.08951615,0,disk,21.43001771
5.97,0,1,3.141592654,deLange1958,23.82648063,0,disk,10.70194557
5.97,0,1,3.141592654,deLange1958,30.50445477,0,disk,3.852907317
5.97,0,1,3.141592654,deLange1958,34.51556217,0,disk,2.330331351
5.97,0,1,3.141592654,deLange1958,39.51630419,0,disk,1.118218989
15.9,0,1,3.141592654,deLange1958,1.509520265,0,disk,59.05144142
15.9,0,1,3.141592654,deLange1958,2.025727638,0,disk,66.56157196
15.9,0,1,3.141592654,deLange1958,2.986762107,0,disk,76.84493561
15.9,0,1,3.141592654,deLange1958,3.984629045,0,disk,100
15.9,0,1,3.141592654,deLange1958,5.012180917,0,disk,119.1945776
15.9,0,1,3.141592654,deLange1958,6.050366548,0,disk,158.8692557
15.9,0,1,3.141592654,deLange1958,6.967835625,0,disk,179.0741626
15.9,0,1,3.141592654,deLange1958,9.9171852,0,disk,157.6063303
15.9,0,1,3.141592654,deLange1958,11.9713567,0,disk,127.0533542
15.9,0,1,3.141592654,deLange1958,14.1149372,0,disk,106.5932333
15.9,0,1,3.141592654,deLange1958,18.39275752,0,disk,49.93904213
15.9,0,1,3.141592654,deLange1958,23.13586214,0,disk,27.66566253
15.9,0,1,3.141592654,deLange1958,26.17805477,0,disk,14.03827326
15.9,0,1,3.141592654,deLange1958,32.73568042,0,disk,5.301963602
15.9,0,1,3.141592654,deLange1958,38.37091091,0,disk,2.330331351
15.9,0,1,3.141592654,deLange1958,43.41639839,0,disk,1.118218989
159.16,0,1,3.141592654,deLange1958,1.509520265,0,disk,60.9670696
159.16,0,1,3.141592654,deLange1958,2.013845789,0,disk,68.17453493
159.16,0,1,3.141592654,deLange1958,2.986762107,0,disk,88.0117645
159.16,0,1,3.141592654,deLange1958,4.008138669,0,disk,114.5316393
159.16,0,1,3.141592654,deLange1958,4.98278211,0,disk,134.3536802
159.16,0,1,3.141592654,deLange1958,6.050366548,0,disk,177.6506186
159.16,0,1,3.141592654,deLange1958,7.008946403,0,disk,200.2441291
159.16,0,1,3.141592654,deLange1958,9.9171852,0,disk,187.8581997
159.16,0,1,3.141592654,deLange1958,15.05851735,0,disk,113.6211739
159.16,0,1,3.141592654,deLange1958,24.68248893,0,disk,49.93904213
159.16,0,1,3.141592654,deLange1958,34.11184951,0,disk,21.60174002
159.16,0,1,3.141592654,deLange1958,39.74945349,0,disk,10.61687084
159.16,0,1,3.141592654,deLange1958,43.93023008,0,disk,5.301963602
159.16,0,1,3.141592654,deLange1958,52.40934611,0,disk,2.330331351
159.16,0,1,3.141592654,deLange1958,57.92166762,0,disk,1.118218989
1591,0,1,3.141592654,deLange1958,1.509520265,0,disk,52.38867747
1591,0,1,3.141592654,deLange1958,2.013845789,0,disk,55.39886499
1591,0,1,3.141592654,deLange1958,2.986762107,0,disk,68.7208287
1591,0,1,3.141592654,deLange1958,4.008138669,0,disk,104.0713104
1591,0,1,3.141592654,deLange1958,4.98278211,0,disk,134.3536802
1591,0,1,3.141592654,deLange1958,6.050366548,0,disk,167.9976834
1591,0,1,3.141592654,deLange1958,6.967835625,0,disk,181.955563
1591,0,1,3.141592654,deLange1958,9.026324651,0,disk,187.8581997
1591,0,1,3.141592654,deLange1958,15.05851735,0,disk,113.6211739
1591,0,1,3.141592654,deLange1958,26.33250735,0,disk,49.93904213
1591,0,1,3.141592654,deLange1958,35.75559455,0,disk,21.60174002
1591,0,1,3.141592654,deLange1958,40.93599704,0,disk,10.61687084
1591,0,1,3.141592654,deLange1958,47.42162428,0,disk,5.301963602
1591,0,1,3.141592654,deLange1958,56.90842036,0,disk,2.330331351
1591,0,1,3.141592654,deLange1958,66.31357257,0,disk,1.118218989
1591,0,1,3.141592654,deLange1958,9.975697373,0,disk,187.8581997
10,0,0.5,0.785398163,hvei_cff2022,34.16666667,0,disk,1
10,0,0.5,0.785398163,hvei_cff2022,32.26222222,10,disk,1
10,0,0.5,0.785398163,hvei_cff2022,31.88222222,20,disk,1
100,0,0.5,0.785398163,hvei_cff2022,42.02111111,0,disk,1
100,0,0.5,0.785398163,hvei_cff2022,40.82888889,10,disk,1
100,0,0.5,0.785398163,hvei_cff2022,34.68444444,20,disk,1
172.936334,0,0.5,0.785398163,hvei_cff2022,43.87111111,0,disk,1
172.936334,0,0.5,0.785398163,hvei_cff2022,40.12666667,10,disk,1
172.936334,0,0.5,0.785398163,hvei_cff2022,35.21333333,20,disk,1
299.0697562,0,0.5,0.785398163,hvei_cff2022,47.11,0,disk,1
299.0697562,0,0.5,0.785398163,hvei_cff2022,44.30444444,10,disk,1
299.0697562,0,0.5,0.785398163,hvei_cff2022,37.01777778,20,disk,1
517.2002726,0,0.5,0.785398163,hvei_cff2022,47.75111111,0,disk,1
517.2002726,0,0.5,0.785398163,hvei_cff2022,45.06222222,10,disk,1
517.2002726,0,0.5,0.785398163,hvei_cff2022,38.25333333,20,disk,1
894.427191,0,0.5,0.785398163,hvei_cff2022,51.21222222,0,disk,1
894.427191,0,0.5,0.785398163,hvei_cff2022,42.62333333,10,disk,1
894.427191,0,0.5,0.785398163,hvei_cff2022,39.79444444,20,disk,1
1546.789595,0,0.5,0.785398163,hvei_cff2022,49.67777778,0,disk,1
1546.789595,0,0.5,0.785398163,hvei_cff2022,43.87444444,10,disk,1
1546.789595,0,0.5,0.785398163,hvei_cff2022,41.94888889,20,disk,1
2674.96122,0,0.5,0.785398163,hvei_cff2022,47.30222222,0,disk,1
2674.96122,0,0.5,0.785398163,hvei_cff2022,46.08777778,10,disk,1
2674.96122,0,0.5,0.785398163,hvei_cff2022,41.54666667,20,disk,1
4625.97987,0,0.5,0.785398163,hvei_cff2022,47.73777778,0,disk,1
4625.97987,0,0.5,0.785398163,hvei_cff2022,44.32666667,10,disk,1
4625.97987,0,0.5,0.785398163,hvei_cff2022,42.70222222,20,disk,1
8000,0,0.5,0.785398163,hvei_cff2022,50.39555556,0,disk,1
8000,0,0.5,0.785398163,hvei_cff2022,44.34777778,10,disk,1
8000,0,0.5,0.785398163,hvei_cff2022,43.13888889,20,disk,1
0.650153796,0,0.25,0.196349541,yancheng2024,0.5,0,disk,31.05078886
1.117323552,0,0.25,0.196349541,yancheng2024,2,0,disk,70.14066083
1.320215108,0,0.25,0.196349541,yancheng2024,4,0,disk,87.25591022
1.528383299,0,0.25,0.196349541,yancheng2024,8,0,disk,100.7463328
0.635996336,0,0.25,0.196349541,yancheng2024,10,0,disk,24.50284017
0.539734552,0,0.25,0.196349541,yancheng2024,11.9,0,disk,18.20405779
0.473839594,0,0.25,0.196349541,yancheng2024,13.3,0,disk,14.41371819
0.484706772,0,0.25,0.196349541,yancheng2024,14.9,0,disk,14.43352655
0.83325326,0,0.5,0.785398163,yancheng2024,0.5,0,disk,45.77226694
1.758934078,0,0.5,0.785398163,yancheng2024,2,0,disk,142.6175991
1.968078635,0,0.5,0.785398163,yancheng2024,4,0,disk,162.9204451
2.505658178,0,0.5,0.785398163,yancheng2024,8,0,disk,218.2665414
1.386521481,0,0.5,0.785398163,yancheng2024,10,0,disk,82.90115269
0.856931682,0,0.5,0.785398163,yancheng2024,11.9,0,disk,37.51031801
0.586806784,0,0.5,0.785398163,yancheng2024,13.3,0,disk,20.13760555
0.579031443,0,0.5,0.785398163,yancheng2024,14.9,0,disk,19.06089893
1.418078432,0,8,201.0619298,yancheng2024,0.5,0,disk,105.135306
2.394456053,0,8,201.0619298,yancheng2024,2,0,disk,231.0319484
2.881204545,0,8,201.0619298,yancheng2024,4,0,disk,295.7020538
4.017277001,0,8,201.0619298,yancheng2024,8,0,disk,456.6747063
2.966338584,0,8,201.0619298,yancheng2024,10,0,disk,272.3423321
3.864773188,0,8,201.0619298,yancheng2024,11.9,0,disk,395.5801589
3.374120854,0,8,201.0619298,yancheng2024,13.3,0,disk,310.5033014
3.601226474,0,8,201.0619298,yancheng2024,14.9,0,disk,332.2803153
1.676759037,0,27.4620468,2369.276128,yancheng2024,0.5,0,disk,136.6330915
2.695408683,0,27.4620468,2369.276128,yancheng2024,2,0,disk,278.0260238
2.995134122,0,27.4620468,2369.276128,yancheng2024,4,0,disk,314.1913468
4.135857512,0,27.4620468,2369.276128,yancheng2024,8,0,disk,477.931035
3.641619256,0,27.4620468,2369.276128,yancheng2024,10,0,disk,375.3355887
3.867299916,0,27.4620468,2369.276128,yancheng2024,11.9,0,disk,395.9847016
3.744746135,0,27.4620468,2369.276128,yancheng2024,13.3,0,disk,365.4703183
3.698564803,0,27.4620468,2369.276128,yancheng2024,14.9,0,disk,346.4329716
